CREATE DATABASE Sales
GO
USE Sales
-- 1. Kiểu dữ liệu tự định nghĩa
EXEC sp_addtype 'Mota','NVARCHAR(40)'
EXEC sp_addtype 'IDKH', 'CHAR(10)', 'NOT NULL'
EXEC sp_addtype 'DT', 'CHAR(12)'
-- 2. Tạo table
CREATE TABLE SanPham (
MaSP CHAR(6) NOT NULL,
TenSP VARCHAR(20),
NgayNhap Date,
DVT CHAR(10),
SoLuongTon INT,
DonGiaNhap money,
)
CREATE TABLE HoaDon (
MaHD CHAR(10) NOT NULL,
NgayLap Date,
NgayGiao Date,
MaKH IDKH,
DienGiai Mota,
)
CREATE TABLE KhachHang (
MaKH IDKH,
TenKH NVARCHAR(30),
DiaCHi NVARCHAR(40),
DienThoai DT,
)
CREATE TABLE ChiTietHD (
MaHD CHAR(10) NOT NULL,
MaSP CHAR(6) NOT NULL,
SoLuong INT
)

-- 3. Trong Table HoaDon, sửa cột DienGiai thành nvarchar(100).
ALTER TABLE HoaDon
ALTER COLUMN DienGiai NVARCHAR(100)
-- 4. Thêm vào bảng SanPham cột TyLeHoaHong float
ALTER TABLE SanPham
ADD TyLeHoaHong float
-- 5. Xóa cột NgayNhap trong bảng SanPham
ALTER TABLE SanPham
DROP COLUMN NgayNhap
-----6. Tạo các ràng buộc khoá chính và khoá ngoại 
ALTER TABLE SanPham
ADD
CONSTRAINT pk_sp primary key(MASP)

ALTER TABLE HoaDon
ADD
CONSTRAINT pk_hd primary key(MaHD)

ALTER TABLE KhachHang
ADD
CONSTRAINT pk_khanghang primary key(MaKH)

ALTER TABLE HoaDon
ADD
CONSTRAINT fk_khachhang_hoadon FOREIGN KEY(MaKH) REFERENCES KhachHang(MaKH)

ALTER TABLE ChiTietHD
ADD
CONSTRAINT fk_hoadon_chitiethd FOREIGN KEY(MaHD) REFERENCES HoaDon(MaHD)

ALTER TABLE ChiTietHD
ADD
CONSTRAINT fk_sanpham_chitiethd FOREIGN KEY(MaSP) REFERENCES SanPham(MaSP)
----- 7.Thêm vào bảng HoaDon các ràng buộc
ALTER TABLE HoaDon
ADD CHECK (NgayGiao > NgayLap)

ALTER TABLE HoaDon
ADD CHECK (MaHD like '[A-Z][A-Z][0-9][0-9][0-9][0-9]')

ALTER TABLE HoaDon
ADD CONSTRAINT df_ngaylap DEFAULT GETDATE() FOR NgayLap
-----8. Thêm vào bảng Sản phẩm các ràng buộc
ALTER TABLE SanPham
ADD CHECK (SoLuongTon > 0 and SoLuongTon < 50)

ALTER TABLE SanPham
ADD CHECK (DonGiaNhap > 0)

ALTER TABLE SanPham
ADD CONSTRAINT df_ngaynhap DEFAULT GETDATE() FOR NgayNhap

ALTER TABLE SanPham
ADD CHECK (DVT like 'KG''Thùng''Hộp''Cái')
-----9. Dùng lệnh T-SQL nhập dữ liệu vào 4 table
INSERT INTO SanPham
VALUES ('sp01', 'samsunggalaxyS20', 'đồng', 12, 25000000,0.5),
		('sp02', 'ip12promax', 'đồng', 10, 30000000,0.5),
		('sp03', 'ip13promax', 'đồng', 120, 35000000,0.5),
		('sp04', 'samsungs71', 'đồng', 40, 40000000,0.5),
		('sp05', 'ipXR', 'đồng', 30, 45000000,0.5);
insert into KhachHang
values ('kh01', 'Thanh Lâm', 'Italy', 012321547894),
		('kh02', 'Minh Tuấn', 'Canada', 01232534571),
		('kh03', 'Vũ Nguyên', 'Indonesia', 01233478921),
		('kh04', 'Quốc Huy', 'ThaiLand', 01231478514);
insert into HoaDon
values  ('hd01', '2023/2/15','2023/2/30','kh01','xong'),
		('hd02', '2023/3/15','2023/3/30','kh02','hoantat'),
		('hd03', '2023/4/15','2023/4/30','kh03','done'),
		('hd04', '2023/5/15','2023/5/30','kh04','gg');
insert into ChiTietHD
values ('hd01','sp01', 10),
		('hd02','sp02', 10),
		('hd03','sp03', 10),
		('hd04','sp04', 10);